ORIG_NUTS2016;DEST_NUTS2016;Annee;ORIG_NUTS2016_LIBELLE;DEST_NUTS2016_LIBELLE;ORIG_NUTS2016_longitude;ORIG_NUTS2016_latitude;DEST_NUTS2016_longitude;DEST_NUTS2016_latitude;TKM;OBS
FR10;FRB0;2019;Ile-de-France;Centre - Val de Loire;2,512677817;48,71111062;1,684458977;47,47698016;1812942344;1577
FR10;FRC1;2019;Ile-de-France;Bourgogne;2,512677817;48,71111062;4,149827467;47,24581111;886804453,5;689
FRB0;FRC1;2019;Centre - Val de Loire;Bourgogne;1,684458977;47,47698016;4,149827467;47,24581111;612757672,5;505
FR10;FRC2;2019;Ile-de-France;Franche-Comté;2,512677817;48,71111062;6,088355098;47,2102315;366957761,5;202
FRB0;FRC2;2019;Centre - Val de Loire;Franche-Comté;1,684458977;47,47698016;6,088355098;47,2102315;185797433;86
FRC1;FRC2;2019;Bourgogne;Franche-Comté;4,149827467;47,24581111;6,088355098;47,2102315;393555937,7;444
FR10;FRD1;2019;Ile-de-France;Basse-Normandie;2,512677817;48,71111062;-0,525358071;48,92425398;737090094,3;525
FRB0;FRD1;2019;Centre - Val de Loire;Basse-Normandie;1,684458977;47,47698016;-0,525358071;48,92425398;297390164;257
FRC1;FRD1;2019;Bourgogne;Basse-Normandie;4,149827467;47,24581111;-0,525358071;48,92425398;128588285,2;66
FRC2;FRD1;2019;Franche-Comté;Basse-Normandie;6,088355098;47,2102315;-0,525358071;48,92425398;100903836;40
FR10;FRD2;2019;Ile-de-France;Haute-Normandie;2,512677817;48,71111062;1,018677566;49,38989471;1172932378;1197
FRB0;FRD2;2019;Centre - Val de Loire;Haute-Normandie;1,684458977;47,47698016;1,018677566;49,38989471;919931416,3;639
FRC1;FRD2;2019;Bourgogne;Haute-Normandie;4,149827467;47,24581111;1,018677566;49,38989471;584169141,9;209
FRC2;FRD2;2019;Franche-Comté;Haute-Normandie;6,088355098;47,2102315;1,018677566;49,38989471;119649955,3;51
FRD1;FRD2;2019;Basse-Normandie;Haute-Normandie;-0,525358071;48,92425398;1,018677566;49,38989471;1030292081;940
FR10;FRE1;2019;Ile-de-France;Nord-Pas de Calais;2,512677817;48,71111062;2,736428176;50,4647819;1958865666;1264
FRB0;FRE1;2019;Centre - Val de Loire;Nord-Pas de Calais;1,684458977;47,47698016;2,736428176;50,4647819;834796643,8;384
FRC1;FRE1;2019;Bourgogne;Nord-Pas de Calais;4,149827467;47,24581111;2,736428176;50,4647819;881155728,7;237
FRC2;FRE1;2019;Franche-Comté;Nord-Pas de Calais;6,088355098;47,2102315;2,736428176;50,4647819;187138948,7;89
FRD1;FRE1;2019;Basse-Normandie;Nord-Pas de Calais;-0,525358071;48,92425398;2,736428176;50,4647819;344515794,3;189
FRD2;FRE1;2019;Haute-Normandie;Nord-Pas de Calais;1,018677566;49,38989471;2,736428176;50,4647819;860676053,2;564
FR10;FRE2;2019;Ile-de-France;Picardie;2,512677817;48,71111062;2,808032847;49,64229786;1488961886;1518
FRB0;FRE2;2019;Centre - Val de Loire;Picardie;1,684458977;47,47698016;2,808032847;49,64229786;496803157,6;369
FRC1;FRE2;2019;Bourgogne;Picardie;4,149827467;47,24581111;2,808032847;49,64229786;230235556,8;131
FRC2;FRE2;2019;Franche-Comté;Picardie;6,088355098;47,2102315;2,808032847;49,64229786;165159869,8;79
FRD1;FRE2;2019;Basse-Normandie;Picardie;-0,525358071;48,92425398;2,808032847;49,64229786;202196649,5;143
FRD2;FRE2;2019;Haute-Normandie;Picardie;1,018677566;49,38989471;2,808032847;49,64229786;879222349,8;786
FRE1;FRE2;2019;Nord-Pas de Calais;Picardie;2,736428176;50,4647819;2,808032847;49,64229786;1774407049;1447
FR10;FRF1;2019;Ile-de-France;Alsace;2,512677817;48,71111062;7,436200924;48,32705938;546165469,7;244
FRB0;FRF1;2019;Centre - Val de Loire;Alsace;1,684458977;47,47698016;7,436200924;48,32705938;255843787;108
FRC1;FRF1;2019;Bourgogne;Alsace;4,149827467;47,24581111;7,436200924;48,32705938;315963219,7;172
FRC2;FRF1;2019;Franche-Comté;Alsace;6,088355098;47,2102315;7,436200924;48,32705938;368982724,8;365
FRD1;FRF1;2019;Basse-Normandie;Alsace;-0,525358071;48,92425398;7,436200924;48,32705938;66162303,08;33
FRD2;FRF1;2019;Haute-Normandie;Alsace;1,018677566;49,38989471;7,436200924;48,32705938;142463877,5;54
FRE1;FRF1;2019;Nord-Pas de Calais;Alsace;2,736428176;50,4647819;7,436200924;48,32705938;302042607,2;123
FRE2;FRF1;2019;Picardie;Alsace;2,808032847;49,64229786;7,436200924;48,32705938;246145297,2;114
FR10;FRF2;2019;Ile-de-France;Champagne-Ardenne;2,512677817;48,71111062;4,544480684;48,73129082;817531636,3;722
FRB0;FRF2;2019;Centre - Val de Loire;Champagne-Ardenne;1,684458977;47,47698016;4,544480684;48,73129082;622422183,6;295
FRC1;FRF2;2019;Bourgogne;Champagne-Ardenne;4,149827467;47,24581111;4,544480684;48,73129082;415351692,3;356
FRC2;FRF2;2019;Franche-Comté;Champagne-Ardenne;6,088355098;47,2102315;4,544480684;48,73129082;219925015,3;165
FRD1;FRF2;2019;Basse-Normandie;Champagne-Ardenne;-0,525358071;48,92425398;4,544480684;48,73129082;167375041,6;76
FRD2;FRF2;2019;Haute-Normandie;Champagne-Ardenne;1,018677566;49,38989471;4,544480684;48,73129082;356034594,3;171
FRE1;FRF2;2019;Nord-Pas de Calais;Champagne-Ardenne;2,736428176;50,4647819;4,544480684;48,73129082;687673580,3;430
FRE2;FRF2;2019;Picardie;Champagne-Ardenne;2,808032847;49,64229786;4,544480684;48,73129082;696448785,7;490
FRF1;FRF2;2019;Alsace;Champagne-Ardenne;7,436200924;48,32705938;4,544480684;48,73129082;448226753,2;216
FR10;FRF3;2019;Ile-de-France;Lorraine;2,512677817;48,71111062;6,142897531;48,76350565;947683357,4;582
FRB0;FRF3;2019;Centre - Val de Loire;Lorraine;1,684458977;47,47698016;6,142897531;48,76350565;449683204,8;202
FRC1;FRF3;2019;Bourgogne;Lorraine;4,149827467;47,24581111;6,142897531;48,76350565;377384637,8;237
FRC2;FRF3;2019;Franche-Comté;Lorraine;6,088355098;47,2102315;6,142897531;48,76350565;381615681,1;339
FRD1;FRF3;2019;Basse-Normandie;Lorraine;-0,525358071;48,92425398;6,142897531;48,76350565;103594521,7;51
FRD2;FRF3;2019;Haute-Normandie;Lorraine;1,018677566;49,38989471;6,142897531;48,76350565;193384132,1;102
FRE1;FRF3;2019;Nord-Pas de Calais;Lorraine;2,736428176;50,4647819;6,142897531;48,76350565;510404714,2;345
FRE2;FRF3;2019;Picardie;Lorraine;2,808032847;49,64229786;6,142897531;48,76350565;343575447,5;216
FRF1;FRF3;2019;Alsace;Lorraine;7,436200924;48,32705938;6,142897531;48,76350565;792850558,7;798
FRF2;FRF3;2019;Champagne-Ardenne;Lorraine;4,544480684;48,73129082;6,142897531;48,76350565;928135527,8;762
FR10;FRG0;2019;Ile-de-France;Pays de la Loire;2,512677817;48,71111062;-0,812654278;47,4783624;1627122236;1136
FRB0;FRG0;2019;Centre - Val de Loire;Pays de la Loire;1,684458977;47,47698016;-0,812654278;47,4783624;1679774541;1284
FRC1;FRG0;2019;Bourgogne;Pays de la Loire;4,149827467;47,24581111;-0,812654278;47,4783624;419910619,5;231
FRC2;FRG0;2019;Franche-Comté;Pays de la Loire;6,088355098;47,2102315;-0,812654278;47,4783624;164649249,9;73
FRD1;FRG0;2019;Basse-Normandie;Pays de la Loire;-0,525358071;48,92425398;-0,812654278;47,4783624;857809046,4;791
FRD2;FRG0;2019;Haute-Normandie;Pays de la Loire;1,018677566;49,38989471;-0,812654278;47,4783624;1020121225;615
FRE1;FRG0;2019;Nord-Pas de Calais;Pays de la Loire;2,736428176;50,4647819;-0,812654278;47,4783624;994969450,5;435
FRE2;FRG0;2019;Picardie;Pays de la Loire;2,808032847;49,64229786;-0,812654278;47,4783624;589750637;310
FRF1;FRG0;2019;Alsace;Pays de la Loire;7,436200924;48,32705938;-0,812654278;47,4783624;229456291,7;86
FRF2;FRG0;2019;Champagne-Ardenne;Pays de la Loire;4,544480684;48,73129082;-0,812654278;47,4783624;319322364,4;170
FRF3;FRG0;2019;Lorraine;Pays de la Loire;6,142897531;48,76350565;-0,812654278;47,4783624;304931033,5;158
FR10;FRH0;2019;Ile-de-France;Bretagne;2,512677817;48,71111062;-2,829675658;48,1775623;1425620161;628
FRB0;FRH0;2019;Centre - Val de Loire;Bretagne;1,684458977;47,47698016;-2,829675658;48,1775623;1077548784;535
FRC1;FRH0;2019;Bourgogne;Bretagne;4,149827467;47,24581111;-2,829675658;48,1775623;302146287,7;110
FRC2;FRH0;2019;Franche-Comté;Bretagne;6,088355098;47,2102315;-2,829675658;48,1775623;97573542,14;30
FRD1;FRH0;2019;Basse-Normandie;Bretagne;-0,525358071;48,92425398;-2,829675658;48,1775623;834413519,7;738
FRD2;FRH0;2019;Haute-Normandie;Bretagne;1,018677566;49,38989471;-2,829675658;48,1775623;1032165214;522
FRE1;FRH0;2019;Nord-Pas de Calais;Bretagne;2,736428176;50,4647819;-2,829675658;48,1775623;807296946,6;268
FRE2;FRH0;2019;Picardie;Bretagne;2,808032847;49,64229786;-2,829675658;48,1775623;510802171,3;196
FRF1;FRH0;2019;Alsace;Bretagne;7,436200924;48,32705938;-2,829675658;48,1775623;254477814,2;53
FRF2;FRH0;2019;Champagne-Ardenne;Bretagne;4,544480684;48,73129082;-2,829675658;48,1775623;301263800,8;117
FRF3;FRH0;2019;Lorraine;Bretagne;6,142897531;48,76350565;-2,829675658;48,1775623;280210205,6;87
FRG0;FRH0;2019;Pays de la Loire;Bretagne;-0,812654278;47,4783624;-2,829675658;48,1775623;2648960587;2417
FR10;FRI1;2019;Ile-de-France;Aquitaine;2,512677817;48,71111062;-0,235974762;44,35241278;793441977,9;231
FRB0;FRI1;2019;Centre - Val de Loire;Aquitaine;1,684458977;47,47698016;-0,235974762;44,35241278;706896947,7;287
FRC1;FRI1;2019;Bourgogne;Aquitaine;4,149827467;47,24581111;-0,235974762;44,35241278;286829466,8;96
FRC2;FRI1;2019;Franche-Comté;Aquitaine;6,088355098;47,2102315;-0,235974762;44,35241278;130115292,2;38
FRD1;FRI1;2019;Basse-Normandie;Aquitaine;-0,525358071;48,92425398;-0,235974762;44,35241278;187383961,7;74
FRD2;FRI1;2019;Haute-Normandie;Aquitaine;1,018677566;49,38989471;-0,235974762;44,35241278;322220578,5;107
FRE1;FRI1;2019;Nord-Pas de Calais;Aquitaine;2,736428176;50,4647819;-0,235974762;44,35241278;427814163,4;90
FRE2;FRI1;2019;Picardie;Aquitaine;2,808032847;49,64229786;-0,235974762;44,35241278;220782394;67
FRF1;FRI1;2019;Alsace;Aquitaine;7,436200924;48,32705938;-0,235974762;44,35241278;155072617,1;31
FRF2;FRI1;2019;Champagne-Ardenne;Aquitaine;4,544480684;48,73129082;-0,235974762;44,35241278;152807546,2;43
FRF3;FRI1;2019;Lorraine;Aquitaine;6,142897531;48,76350565;-0,235974762;44,35241278;160048690,8;33
FRG0;FRI1;2019;Pays de la Loire;Aquitaine;-0,812654278;47,4783624;-0,235974762;44,35241278;1011615626;494
FRH0;FRI1;2019;Bretagne;Aquitaine;-2,829675658;48,1775623;-0,235974762;44,35241278;576763259,1;216
FR10;FRI2;2019;Ile-de-France;Limousin;2,512677817;48,71111062;1,71161508;45,77043607;302008447,4;141
FRB0;FRI2;2019;Centre - Val de Loire;Limousin;1,684458977;47,47698016;1,71161508;45,77043607;369797604,5;253
FRC1;FRI2;2019;Bourgogne;Limousin;4,149827467;47,24581111;1,71161508;45,77043607;105314585,9;52
FRC2;FRI2;2019;Franche-Comté;Limousin;6,088355098;47,2102315;1,71161508;45,77043607;15488590,33;16
FRD1;FRI2;2019;Basse-Normandie;Limousin;-0,525358071;48,92425398;1,71161508;45,77043607;24714223,5;22
FRD2;FRI2;2019;Haute-Normandie;Limousin;1,018677566;49,38989471;1,71161508;45,77043607;70327004,74;41
FRE1;FRI2;2019;Nord-Pas de Calais;Limousin;2,736428176;50,4647819;1,71161508;45,77043607;118090605,1;44
FRE2;FRI2;2019;Picardie;Limousin;2,808032847;49,64229786;1,71161508;45,77043607;94797565,37;49
FRF2;FRI2;2019;Champagne-Ardenne;Limousin;4,544480684;48,73129082;1,71161508;45,77043607;76897218,58;32
FRF3;FRI2;2019;Lorraine;Limousin;6,142897531;48,76350565;1,71161508;45,77043607;49016639,24;22
FRG0;FRI2;2019;Pays de la Loire;Limousin;-0,812654278;47,4783624;1,71161508;45,77043607;288255290,3;169
FRH0;FRI2;2019;Bretagne;Limousin;-2,829675658;48,1775623;1,71161508;45,77043607;125145010,4;60
FRI1;FRI2;2019;Aquitaine;Limousin;-0,235974762;44,35241278;1,71161508;45,77043607;349801157,8;265
FR10;FRI3;2019;Ile-de-France;Poitou-Charentes;2,512677817;48,71111062;-0,08052526;46,16085831;638597565;296
FRB0;FRI3;2019;Centre - Val de Loire;Poitou-Charentes;1,684458977;47,47698016;-0,08052526;46,16085831;974103340;608
FRC1;FRI3;2019;Bourgogne;Poitou-Charentes;4,149827467;47,24581111;-0,08052526;46,16085831;171831646,1;93
FRC2;FRI3;2019;Franche-Comté;Poitou-Charentes;6,088355098;47,2102315;-0,08052526;46,16085831;93546517,59;33
FRD1;FRI3;2019;Basse-Normandie;Poitou-Charentes;-0,525358071;48,92425398;-0,08052526;46,16085831;236709927,5;126
FRD2;FRI3;2019;Haute-Normandie;Poitou-Charentes;1,018677566;49,38989471;-0,08052526;46,16085831;403427845,4;158
FRE1;FRI3;2019;Nord-Pas de Calais;Poitou-Charentes;2,736428176;50,4647819;-0,08052526;46,16085831;293905498,4;85
FRE2;FRI3;2019;Picardie;Poitou-Charentes;2,808032847;49,64229786;-0,08052526;46,16085831;221839063;81
FRF1;FRI3;2019;Alsace;Poitou-Charentes;7,436200924;48,32705938;-0,08052526;46,16085831;60101178,71;27
FRF2;FRI3;2019;Champagne-Ardenne;Poitou-Charentes;4,544480684;48,73129082;-0,08052526;46,16085831;162200235,6;69
FRF3;FRI3;2019;Lorraine;Poitou-Charentes;6,142897531;48,76350565;-0,08052526;46,16085831;90632854,4;33
FRG0;FRI3;2019;Pays de la Loire;Poitou-Charentes;-0,812654278;47,4783624;-0,08052526;46,16085831;1538714534;1337
FRH0;FRI3;2019;Bretagne;Poitou-Charentes;-2,829675658;48,1775623;-0,08052526;46,16085831;799964875,3;362
FRI1;FRI3;2019;Aquitaine;Poitou-Charentes;-0,235974762;44,35241278;-0,08052526;46,16085831;1126637333;762
FRI2;FRI3;2019;Limousin;Poitou-Charentes;1,71161508;45,77043607;-0,08052526;46,16085831;338669916,9;277
FR10;FRJ1;2019;Ile-de-France;Languedoc-Roussillon;2,512677817;48,71111062;3,225768724;43,59213462;424382127;101
FRB0;FRJ1;2019;Centre - Val de Loire;Languedoc-Roussillon;1,684458977;47,47698016;3,225768724;43,59213462;372691656,6;110
FRC1;FRJ1;2019;Bourgogne;Languedoc-Roussillon;4,149827467;47,24581111;3,225768724;43,59213462;245449422,8;109
FRC2;FRJ1;2019;Franche-Comté;Languedoc-Roussillon;6,088355098;47,2102315;3,225768724;43,59213462;85370931,62;33
FRD1;FRJ1;2019;Basse-Normandie;Languedoc-Roussillon;-0,525358071;48,92425398;3,225768724;43,59213462;69855268,78;16
FRD2;FRJ1;2019;Haute-Normandie;Languedoc-Roussillon;1,018677566;49,38989471;3,225768724;43,59213462;92796008,59;20
FRE1;FRJ1;2019;Nord-Pas de Calais;Languedoc-Roussillon;2,736428176;50,4647819;3,225768724;43,59213462;319066968,6;45
FRE2;FRJ1;2019;Picardie;Languedoc-Roussillon;2,808032847;49,64229786;3,225768724;43,59213462;76019006,59;14
FRF1;FRJ1;2019;Alsace;Languedoc-Roussillon;7,436200924;48,32705938;3,225768724;43,59213462;168590285,9;39
FRF2;FRJ1;2019;Champagne-Ardenne;Languedoc-Roussillon;4,544480684;48,73129082;3,225768724;43,59213462;125071854,4;37
FRF3;FRJ1;2019;Lorraine;Languedoc-Roussillon;6,142897531;48,76350565;3,225768724;43,59213462;110005896,4;46
FRG0;FRJ1;2019;Pays de la Loire;Languedoc-Roussillon;-0,812654278;47,4783624;3,225768724;43,59213462;426134290,4;118
FRH0;FRJ1;2019;Bretagne;Languedoc-Roussillon;-2,829675658;48,1775623;3,225768724;43,59213462;326502699,5;73
FRI1;FRJ1;2019;Aquitaine;Languedoc-Roussillon;-0,235974762;44,35241278;3,225768724;43,59213462;615998878,6;262
FRI2;FRJ1;2019;Limousin;Languedoc-Roussillon;1,71161508;45,77043607;3,225768724;43,59213462;127489093,8;52
FRI3;FRJ1;2019;Poitou-Charentes;Languedoc-Roussillon;-0,08052526;46,16085831;3,225768724;43,59213462;162251220,7;60
FR10;FRJ2;2019;Ile-de-France;Midi-Pyrénées;2,512677817;48,71111062;1,48615363;43,76344304;882537109,1;249
FRB0;FRJ2;2019;Centre - Val de Loire;Midi-Pyrénées;1,684458977;47,47698016;1,48615363;43,76344304;623334261,5;235
FRC1;FRJ2;2019;Bourgogne;Midi-Pyrénées;4,149827467;47,24581111;1,48615363;43,76344304;182219122,6;74
FRC2;FRJ2;2019;Franche-Comté;Midi-Pyrénées;6,088355098;47,2102315;1,48615363;43,76344304;73681095,79;31
FRD1;FRJ2;2019;Basse-Normandie;Midi-Pyrénées;-0,525358071;48,92425398;1,48615363;43,76344304;65684566,45;27
FRD2;FRJ2;2019;Haute-Normandie;Midi-Pyrénées;1,018677566;49,38989471;1,48615363;43,76344304;160678996,9;47
FRE1;FRJ2;2019;Nord-Pas de Calais;Midi-Pyrénées;2,736428176;50,4647819;1,48615363;43,76344304;374858153,2;78
FRE2;FRJ2;2019;Picardie;Midi-Pyrénées;2,808032847;49,64229786;1,48615363;43,76344304;164977408,6;52
FRF1;FRJ2;2019;Alsace;Midi-Pyrénées;7,436200924;48,32705938;1,48615363;43,76344304;147031716,3;24
FRF2;FRJ2;2019;Champagne-Ardenne;Midi-Pyrénées;4,544480684;48,73129082;1,48615363;43,76344304;224740644,6;57
FRF3;FRJ2;2019;Lorraine;Midi-Pyrénées;6,142897531;48,76350565;1,48615363;43,76344304;162878009,9;49
FRG0;FRJ2;2019;Pays de la Loire;Midi-Pyrénées;-0,812654278;47,4783624;1,48615363;43,76344304;600736929,1;261
FRH0;FRJ2;2019;Bretagne;Midi-Pyrénées;-2,829675658;48,1775623;1,48615363;43,76344304;438790800,7;117
FRI1;FRJ2;2019;Aquitaine;Midi-Pyrénées;-0,235974762;44,35241278;1,48615363;43,76344304;1545959901;1003
FRI2;FRJ2;2019;Limousin;Midi-Pyrénées;1,71161508;45,77043607;1,48615363;43,76344304;437229503,6;289
FRI3;FRJ2;2019;Poitou-Charentes;Midi-Pyrénées;-0,08052526;46,16085831;1,48615363;43,76344304;304882002,6;156
FRJ1;FRJ2;2019;Languedoc-Roussillon;Midi-Pyrénées;3,225768724;43,59213462;1,48615363;43,76344304;1314800788;790
FR10;FRK1;2019;Ile-de-France;Auvergne;2,512677817;48,71111062;3,175643722;45,65198631;378614081,4;233
FRB0;FRK1;2019;Centre - Val de Loire;Auvergne;1,684458977;47,47698016;3,175643722;45,65198631;470179815,4;338
FRC1;FRK1;2019;Bourgogne;Auvergne;4,149827467;47,24581111;3,175643722;45,65198631;356692583,5;279
FRC2;FRK1;2019;Franche-Comté;Auvergne;6,088355098;47,2102315;3,175643722;45,65198631;101369722,1;48
FRD1;FRK1;2019;Basse-Normandie;Auvergne;-0,525358071;48,92425398;3,175643722;45,65198631;97284306,7;52
FRD2;FRK1;2019;Haute-Normandie;Auvergne;1,018677566;49,38989471;3,175643722;45,65198631;171016627,5;57
FRE1;FRK1;2019;Nord-Pas de Calais;Auvergne;2,736428176;50,4647819;3,175643722;45,65198631;203794585,9;69
FRE2;FRK1;2019;Picardie;Auvergne;2,808032847;49,64229786;3,175643722;45,65198631;141069330,6;53
FRF1;FRK1;2019;Alsace;Auvergne;7,436200924;48,32705938;3,175643722;45,65198631;97883443,07;47
FRF2;FRK1;2019;Champagne-Ardenne;Auvergne;4,544480684;48,73129082;3,175643722;45,65198631;81657225,55;45
FRF3;FRK1;2019;Lorraine;Auvergne;6,142897531;48,76350565;3,175643722;45,65198631;139837357,7;79
FRG0;FRK1;2019;Pays de la Loire;Auvergne;-0,812654278;47,4783624;3,175643722;45,65198631;262108592,1;150
FRH0;FRK1;2019;Bretagne;Auvergne;-2,829675658;48,1775623;3,175643722;45,65198631;224694474,7;80
FRI1;FRK1;2019;Aquitaine;Auvergne;-0,235974762;44,35241278;3,175643722;45,65198631;297715511,2;129
FRI2;FRK1;2019;Limousin;Auvergne;1,71161508;45,77043607;3,175643722;45,65198631;172400420;154
FRI3;FRK1;2019;Poitou-Charentes;Auvergne;-0,08052526;46,16085831;3,175643722;45,65198631;227155193,5;119
FRJ1;FRK1;2019;Languedoc-Roussillon;Auvergne;3,225768724;43,59213462;3,175643722;45,65198631;293145623;150
FRJ2;FRK1;2019;Midi-Pyrénées;Auvergne;1,48615363;43,76344304;3,175643722;45,65198631;305131835,5;212
FR10;FRK2;2019;Ile-de-France;Rhône-Alpes;2,512677817;48,71111062;5,340033618;45,43615744;1989121817;843
FRB0;FRK2;2019;Centre - Val de Loire;Rhône-Alpes;1,684458977;47,47698016;5,340033618;45,43615744;1233978093;699
FRC1;FRK2;2019;Bourgogne;Rhône-Alpes;4,149827467;47,24581111;5,340033618;45,43615744;1565478098;1269
FRC2;FRK2;2019;Franche-Comté;Rhône-Alpes;6,088355098;47,2102315;5,340033618;45,43615744;787471744,6;562
FRD1;FRK2;2019;Basse-Normandie;Rhône-Alpes;-0,525358071;48,92425398;5,340033618;45,43615744;439900784,3;151
FRD2;FRK2;2019;Haute-Normandie;Rhône-Alpes;1,018677566;49,38989471;5,340033618;45,43615744;581989988;227
FRE1;FRK2;2019;Nord-Pas de Calais;Rhône-Alpes;2,736428176;50,4647819;5,340033618;45,43615744;1415555861;402
FRE2;FRK2;2019;Picardie;Rhône-Alpes;2,808032847;49,64229786;5,340033618;45,43615744;731364495,9;263
FRF1;FRK2;2019;Alsace;Rhône-Alpes;7,436200924;48,32705938;5,340033618;45,43615744;719793246,3;329
FRF2;FRK2;2019;Champagne-Ardenne;Rhône-Alpes;4,544480684;48,73129082;5,340033618;45,43615744;659620915;289
FRF3;FRK2;2019;Lorraine;Rhône-Alpes;6,142897531;48,76350565;5,340033618;45,43615744;825919443,5;367
FRG0;FRK2;2019;Pays de la Loire;Rhône-Alpes;-0,812654278;47,4783624;5,340033618;45,43615744;1281536814;579
FRH0;FRK2;2019;Bretagne;Rhône-Alpes;-2,829675658;48,1775623;5,340033618;45,43615744;717489960,1;214
FRI1;FRK2;2019;Aquitaine;Rhône-Alpes;-0,235974762;44,35241278;5,340033618;45,43615744;649830673,5;231
FRI2;FRK2;2019;Limousin;Rhône-Alpes;1,71161508;45,77043607;5,340033618;45,43615744;292929373,5;177
FRI3;FRK2;2019;Poitou-Charentes;Rhône-Alpes;-0,08052526;46,16085831;5,340033618;45,43615744;441336075;203
FRJ1;FRK2;2019;Languedoc-Roussillon;Rhône-Alpes;3,225768724;43,59213462;5,340033618;45,43615744;1540185435;799
FRJ2;FRK2;2019;Midi-Pyrénées;Rhône-Alpes;1,48615363;43,76344304;5,340033618;45,43615744;826042997,8;333
FRK1;FRK2;2019;Auvergne;Rhône-Alpes;3,175643722;45,65198631;5,340033618;45,43615744;1082927066;917
FR10;FRL0;2019;Ile-de-France;Provence-Alpes-Côte d’Azur;2,512677817;48,71111062;6,057327525;43,95558928;1273820371;304
FRB0;FRL0;2019;Centre - Val de Loire;Provence-Alpes-Côte d’Azur;1,684458977;47,47698016;6,057327525;43,95558928;609400313;185
FRC1;FRL0;2019;Bourgogne;Provence-Alpes-Côte d’Azur;4,149827467;47,24581111;6,057327525;43,95558928;561225533;277
FRC2;FRL0;2019;Franche-Comté;Provence-Alpes-Côte d’Azur;6,088355098;47,2102315;6,057327525;43,95558928;177441617,6;86
FRD1;FRL0;2019;Basse-Normandie;Provence-Alpes-Côte d’Azur;-0,525358071;48,92425398;6,057327525;43,95558928;96165193,14;31
FRD2;FRL0;2019;Haute-Normandie;Provence-Alpes-Côte d’Azur;1,018677566;49,38989471;6,057327525;43,95558928;168110203;52
FRE1;FRL0;2019;Nord-Pas de Calais;Provence-Alpes-Côte d’Azur;2,736428176;50,4647819;6,057327525;43,95558928;823514959,7;133
FRE2;FRL0;2019;Picardie;Provence-Alpes-Côte d’Azur;2,808032847;49,64229786;6,057327525;43,95558928;324683551;60
FRF1;FRL0;2019;Alsace;Provence-Alpes-Côte d’Azur;7,436200924;48,32705938;6,057327525;43,95558928;383815525,5;84
FRF2;FRL0;2019;Champagne-Ardenne;Provence-Alpes-Côte d’Azur;4,544480684;48,73129082;6,057327525;43,95558928;245652023,4;82
FRF3;FRL0;2019;Lorraine;Provence-Alpes-Côte d’Azur;6,142897531;48,76350565;6,057327525;43,95558928;224310762,9;87
FRG0;FRL0;2019;Pays de la Loire;Provence-Alpes-Côte d’Azur;-0,812654278;47,4783624;6,057327525;43,95558928;437185834;117
FRH0;FRL0;2019;Bretagne;Provence-Alpes-Côte d’Azur;-2,829675658;48,1775623;6,057327525;43,95558928;498719908,2;86
FRI1;FRL0;2019;Aquitaine;Provence-Alpes-Côte d’Azur;-0,235974762;44,35241278;6,057327525;43,95558928;564713420,1;193
FRI2;FRL0;2019;Limousin;Provence-Alpes-Côte d’Azur;1,71161508;45,77043607;6,057327525;43,95558928;155687030,3;57
FRI3;FRL0;2019;Poitou-Charentes;Provence-Alpes-Côte d’Azur;-0,08052526;46,16085831;6,057327525;43,95558928;223633564,9;59
FRJ1;FRL0;2019;Languedoc-Roussillon;Provence-Alpes-Côte d’Azur;3,225768724;43,59213462;6,057327525;43,95558928;1652727350;1308
FRJ2;FRL0;2019;Midi-Pyrénées;Provence-Alpes-Côte d’Azur;1,48615363;43,76344304;6,057327525;43,95558928;837167148,7;365
FRK1;FRL0;2019;Auvergne;Provence-Alpes-Côte d’Azur;3,175643722;45,65198631;6,057327525;43,95558928;575683594,9;255
FRK2;FRL0;2019;Rhône-Alpes;Provence-Alpes-Côte d’Azur;5,340033618;45,43615744;6,057327525;43,95558928;3191350586;2016
FRL0;FRM0;2019;Provence-Alpes-Côte d’Azur;Corse;6,057327525;43,95558928;9,103636933;42,15400908;28034851;20
FR10;HU11;2019;Ile-de-France;Budapest;2,512677817;48,71111062;19,11058299;47,48771321;5867900,59;10
FR10;HU12;2019;Ile-de-France;Pest;2,512677817;48,71111062;19,3489056;47,41703816;12711152,54;12
FRE1;HU12;2019;Nord-Pas de Calais;Pest;2,736428176;50,4647819;19,3489056;47,41703816;5099323,1;11
FR10;HU21;2019;Ile-de-France;Közép-Dunántúl;2,512677817;48,71111062;18,13701784;47,22675875;9629043,84;17
FRE1;HU21;2019;Nord-Pas de Calais;Közép-Dunántúl;2,736428176;50,4647819;18,13701784;47,22675875;6350456,976;12
FRF3;HU21;2019;Lorraine;Közép-Dunántúl;6,142897531;48,76350565;18,13701784;47,22675875;2942631,228;13
FR10;HU22;2019;Ile-de-France;Nyugat-Dunántúl;2,512677817;48,71111062;16,99618905;47,17970151;18614678,17;10
FR10;IT;2019;Ile-de-France;ITALIA;2,512677817;48,71111062;12,16162386;43,52682557;43491630,5;15
FRK1;IT;2019;Auvergne;ITALIA;3,175643722;45,65198631;12,16162386;43,52682557;30708032;12
FRK2;IT;2019;Rhône-Alpes;ITALIA;5,340033618;45,43615744;12,16162386;43,52682557;48128767,7;27
FRL0;IT;2019;Provence-Alpes-Côte d’Azur;ITALIA;6,057327525;43,95558928;12,16162386;43,52682557;26443362,8;14
FR10;ITC1;2019;Ile-de-France;Piemonte;2,512677817;48,71111062;7,917623811;45,06184591;191211754,6;52
FRB0;ITC1;2019;Centre - Val de Loire;Piemonte;1,684458977;47,47698016;7,917623811;45,06184591;92159448,03;21
FRC1;ITC1;2019;Bourgogne;Piemonte;4,149827467;47,24581111;7,917623811;45,06184591;68041947,72;26
FRC2;ITC1;2019;Franche-Comté;Piemonte;6,088355098;47,2102315;7,917623811;45,06184591;10092184,61;10
FRD2;ITC1;2019;Haute-Normandie;Piemonte;1,018677566;49,38989471;7,917623811;45,06184591;71142995,95;15
FRE1;ITC1;2019;Nord-Pas de Calais;Piemonte;2,736428176;50,4647819;7,917623811;45,06184591;58123256,87;25
FRE2;ITC1;2019;Picardie;Piemonte;2,808032847;49,64229786;7,917623811;45,06184591;56556838,03;13
FRF1;ITC1;2019;Alsace;Piemonte;7,436200924;48,32705938;7,917623811;45,06184591;21725960,35;14
FRF2;ITC1;2019;Champagne-Ardenne;Piemonte;4,544480684;48,73129082;7,917623811;45,06184591;39029947,44;15
FRF3;ITC1;2019;Lorraine;Piemonte;6,142897531;48,76350565;7,917623811;45,06184591;37323827,74;40
FRG0;ITC1;2019;Pays de la Loire;Piemonte;-0,812654278;47,4783624;7,917623811;45,06184591;80382211,25;15
FRH0;ITC1;2019;Bretagne;Piemonte;-2,829675658;48,1775623;7,917623811;45,06184591;65450761,6;10
FRI1;ITC1;2019;Aquitaine;Piemonte;-0,235974762;44,35241278;7,917623811;45,06184591;52085275;10
FRI2;ITC1;2019;Limousin;Piemonte;1,71161508;45,77043607;7,917623811;45,06184591;40563705,99;10
FRJ1;ITC1;2019;Languedoc-Roussillon;Piemonte;3,225768724;43,59213462;7,917623811;45,06184591;119446726,7;35
FRJ2;ITC1;2019;Midi-Pyrénées;Piemonte;1,48615363;43,76344304;7,917623811;45,06184591;42763289,47;14
FRK1;ITC1;2019;Auvergne;Piemonte;3,175643722;45,65198631;7,917623811;45,06184591;85025953,65;23
FRK2;ITC1;2019;Rhône-Alpes;Piemonte;5,340033618;45,43615744;7,917623811;45,06184591;239329567,7;154
FRL0;ITC1;2019;Provence-Alpes-Côte d’Azur;Piemonte;6,057327525;43,95558928;7,917623811;45,06184591;140107447;94
FRK2;ITC2;2019;Rhône-Alpes;Valle d'Aosta/Vallée d'Aoste;5,340033618;45,43615744;7,400071025;45,73436762;23979562,82;27
FRK2;ITC3;2019;Rhône-Alpes;Liguria;5,340033618;45,43615744;8,708326349;44,26970577;18831989,55;10
FRL0;ITC3;2019;Provence-Alpes-Côte d’Azur;Liguria;6,057327525;43,95558928;8,708326349;44,26970577;70579538,27;54
FR10;ITC4;2019;Ile-de-France;Lombardia;2,512677817;48,71111062;9,768318033;45,61748785;190628473,5;73
FRB0;ITC4;2019;Centre - Val de Loire;Lombardia;1,684458977;47,47698016;9,768318033;45,61748785;129178737;38
FRC1;ITC4;2019;Bourgogne;Lombardia;4,149827467;47,24581111;9,768318033;45,61748785;65406413,59;31
FRD2;ITC4;2019;Haute-Normandie;Lombardia;1,018677566;49,38989471;9,768318033;45,61748785;54693687,55;13
FRE1;ITC4;2019;Nord-Pas de Calais;Lombardia;2,736428176;50,4647819;9,768318033;45,61748785;79470240,29;19
FRE2;ITC4;2019;Picardie;Lombardia;2,808032847;49,64229786;9,768318033;45,61748785;93375924,69;27
FRF2;ITC4;2019;Champagne-Ardenne;Lombardia;4,544480684;48,73129082;9,768318033;45,61748785;28880179,15;10
FRF3;ITC4;2019;Lorraine;Lombardia;6,142897531;48,76350565;9,768318033;45,61748785;43843480,42;23
FRG0;ITC4;2019;Pays de la Loire;Lombardia;-0,812654278;47,4783624;9,768318033;45,61748785;85547522,71;22
FRH0;ITC4;2019;Bretagne;Lombardia;-2,829675658;48,1775623;9,768318033;45,61748785;141588010,6;18
FRI1;ITC4;2019;Aquitaine;Lombardia;-0,235974762;44,35241278;9,768318033;45,61748785;111803139,3;15
FRI3;ITC4;2019;Poitou-Charentes;Lombardia;-0,08052526;46,16085831;9,768318033;45,61748785;41332331,55;10
FRJ1;ITC4;2019;Languedoc-Roussillon;Lombardia;3,225768724;43,59213462;9,768318033;45,61748785;76190858,28;29
FRK1;ITC4;2019;Auvergne;Lombardia;3,175643722;45,65198631;9,768318033;45,61748785;37372965,18;14
FRK2;ITC4;2019;Rhône-Alpes;Lombardia;5,340033618;45,43615744;9,768318033;45,61748785;386098439,9;208
FRL0;ITC4;2019;Provence-Alpes-Côte d’Azur;Lombardia;6,057327525;43,95558928;9,768318033;45,61748785;132920871,2;95
FR10;ITH3;2019;Ile-de-France;Veneto;2,512677817;48,71111062;11,84964103;45,66408983;96272596,83;25
FRD2;ITH3;2019;Haute-Normandie;Veneto;1,018677566;49,38989471;11,84964103;45,66408983;40099913,5;11
FRE1;ITH3;2019;Nord-Pas de Calais;Veneto;2,736428176;50,4647819;11,84964103;45,66408983;44601035,33;18
FRG0;ITH3;2019;Pays de la Loire;Veneto;-0,812654278;47,4783624;11,84964103;45,66408983;19340140,22;10
FRJ1;ITH3;2019;Languedoc-Roussillon;Veneto;3,225768724;43,59213462;11,84964103;45,66408983;29115308,38;11
FRK2;ITH3;2019;Rhône-Alpes;Veneto;5,340033618;45,43615744;11,84964103;45,66408983;86447126,13;42
FR10;ITH4;2019;Ile-de-France;Friuli-Venezia Giulia;2,512677817;48,71111062;13,05995777;46,16604063;22925915,5;12
FRK2;ITH4;2019;Rhône-Alpes;Friuli-Venezia Giulia;5,340033618;45,43615744;13,05995777;46,16604063;31760602,96;14
FR10;ITH5;2019;Ile-de-France;Emilia-Romagna;2,512677817;48,71111062;11,03968793;44,52445381;66784676,75;21
FRB0;ITH5;2019;Centre - Val de Loire;Emilia-Romagna;1,684458977;47,47698016;11,03968793;44,52445381;82189287,07;13
FRC2;ITH5;2019;Franche-Comté;Emilia-Romagna;6,088355098;47,2102315;11,03968793;44,52445381;19284894,7;11
FRE1;ITH5;2019;Nord-Pas de Calais;Emilia-Romagna;2,736428176;50,4647819;11,03968793;44,52445381;52506217,93;16
FRE2;ITH5;2019;Picardie;Emilia-Romagna;2,808032847;49,64229786;11,03968793;44,52445381;42332227,4;12
FRG0;ITH5;2019;Pays de la Loire;Emilia-Romagna;-0,812654278;47,4783624;11,03968793;44,52445381;80686628,88;21
FRH0;ITH5;2019;Bretagne;Emilia-Romagna;-2,829675658;48,1775623;11,03968793;44,52445381;82348060,05;10
FRJ1;ITH5;2019;Languedoc-Roussillon;Emilia-Romagna;3,225768724;43,59213462;11,03968793;44,52445381;82888341,26;23
FRJ2;ITH5;2019;Midi-Pyrénées;Emilia-Romagna;1,48615363;43,76344304;11,03968793;44,52445381;102606079;20
FRK2;ITH5;2019;Rhône-Alpes;Emilia-Romagna;5,340033618;45,43615744;11,03968793;44,52445381;130550037,8;62
FRL0;ITH5;2019;Provence-Alpes-Côte d’Azur;Emilia-Romagna;6,057327525;43,95558928;11,03968793;44,52445381;46287324,29;28
FRK2;ITI1;2019;Rhône-Alpes;Toscana;5,340033618;45,43615744;11,13679534;43,45665695;51966665,18;16
FRL0;ITI1;2019;Provence-Alpes-Côte d’Azur;Toscana;6,057327525;43,95558928;11,13679534;43,45665695;23529237,92;22
FR10;ITI4;2019;Ile-de-France;Lazio;2,512677817;48,71111062;12,75528062;41,98413615;43974329,71;10
FR10;LU00;2019;Ile-de-France;Luxembourg;2,512677817;48,71111062;6,098915461;49,77512126;86409578,95;251
FRB0;LU00;2019;Centre - Val de Loire;Luxembourg;1,684458977;47,47698016;6,098915461;49,77512126;25639157,63;32
FRC1;LU00;2019;Bourgogne;Luxembourg;4,149827467;47,24581111;6,098915461;49,77512126;50423458,08;53
FRC2;LU00;2019;Franche-Comté;Luxembourg;6,088355098;47,2102315;6,098915461;49,77512126;23455754,12;32
FRD2;LU00;2019;Haute-Normandie;Luxembourg;1,018677566;49,38989471;6,098915461;49,77512126;43425286,95;20
FRE1;LU00;2019;Nord-Pas de Calais;Luxembourg;2,736428176;50,4647819;6,098915461;49,77512126;37014176,71;132
FRE2;LU00;2019;Picardie;Luxembourg;2,808032847;49,64229786;6,098915461;49,77512126;27704902,71;64
FRF1;LU00;2019;Alsace;Luxembourg;7,436200924;48,32705938;6,098915461;49,77512126;60102327,37;144
FRF2;LU00;2019;Champagne-Ardenne;Luxembourg;4,544480684;48,73129082;6,098915461;49,77512126;67406757,53;117
FRF3;LU00;2019;Lorraine;Luxembourg;6,142897531;48,76350565;6,098915461;49,77512126;319325552,2;730
FRG0;LU00;2019;Pays de la Loire;Luxembourg;-0,812654278;47,4783624;6,098915461;49,77512126;24391396,01;27
FRI1;LU00;2019;Aquitaine;Luxembourg;-0,235974762;44,35241278;6,098915461;49,77512126;14127005,56;13
FRI3;LU00;2019;Poitou-Charentes;Luxembourg;-0,08052526;46,16085831;6,098915461;49,77512126;7936078,077;13
FRJ1;LU00;2019;Languedoc-Roussillon;Luxembourg;3,225768724;43,59213462;6,098915461;49,77512126;45989669,65;16
FRK1;LU00;2019;Auvergne;Luxembourg;3,175643722;45,65198631;6,098915461;49,77512126;46936957,22;37
FRK2;LU00;2019;Rhône-Alpes;Luxembourg;5,340033618;45,43615744;6,098915461;49,77512126;69791521,4;140
FRL0;LU00;2019;Provence-Alpes-Côte d’Azur;Luxembourg;6,057327525;43,95558928;6,098915461;49,77512126;17317896,74;19
FRE1;NL;2019;Nord-Pas de Calais;NEDERLAND;2,736428176;50,4647819;5,622599028;52,27718333;33293730,4;18
FRG0;NL;2019;Pays de la Loire;NEDERLAND;-0,812654278;47,4783624;5,622599028;52,27718333;38447742,35;11
FR10;NL11;2019;Ile-de-France;Groningen;2,512677817;48,71111062;6,749674821;53,21254336;9649746,462;12
FR10;NL21;2019;Ile-de-France;Overijssel;2,512677817;48,71111062;6,427513815;52,45287284;9174552,838;10
FRE1;NL21;2019;Nord-Pas de Calais;Overijssel;2,736428176;50,4647819;6,427513815;52,45287284;9333180,6;23
FRF2;NL21;2019;Champagne-Ardenne;Overijssel;4,544480684;48,73129082;6,427513815;52,45287284;13424912,04;11
FRF3;NL21;2019;Lorraine;Overijssel;6,142897531;48,76350565;6,427513815;52,45287284;8960215,715;11
FR10;NL22;2019;Ile-de-France;Gelderland;2,512677817;48,71111062;5,941411405;52,06344749;37175010,68;39
FRB0;NL22;2019;Centre - Val de Loire;Gelderland;1,684458977;47,47698016;5,941411405;52,06344749;24402236,56;12
FRC1;NL22;2019;Bourgogne;Gelderland;4,149827467;47,24581111;5,941411405;52,06344749;11347012,24;13
FRD1;NL22;2019;Basse-Normandie;Gelderland;-0,525358071;48,92425398;5,941411405;52,06344749;24382748,88;13
FRE1;NL22;2019;Nord-Pas de Calais;Gelderland;2,736428176;50,4647819;5,941411405;52,06344749;12142428,97;35
FRE2;NL22;2019;Picardie;Gelderland;2,808032847;49,64229786;5,941411405;52,06344749;35504875,74;31
FRF1;NL22;2019;Alsace;Gelderland;7,436200924;48,32705938;5,941411405;52,06344749;6111617,856;16
FRF2;NL22;2019;Champagne-Ardenne;Gelderland;4,544480684;48,73129082;5,941411405;52,06344749;8824790,908;16
FRF3;NL22;2019;Lorraine;Gelderland;6,142897531;48,76350565;5,941411405;52,06344749;9679692,92;10
FRG0;NL22;2019;Pays de la Loire;Gelderland;-0,812654278;47,4783624;5,941411405;52,06344749;21041651,23;13
FRH0;NL22;2019;Bretagne;Gelderland;-2,829675658;48,1775623;5,941411405;52,06344749;30347640,7;11
FRJ2;NL22;2019;Midi-Pyrénées;Gelderland;1,48615363;43,76344304;5,941411405;52,06344749;53929645,98;12
FRK2;NL22;2019;Rhône-Alpes;Gelderland;5,340033618;45,43615744;5,941411405;52,06344749;64117774,99;34
FRL0;NL22;2019;Provence-Alpes-Côte d’Azur;Gelderland;6,057327525;43,95558928;5,941411405;52,06344749;90784272,5;17
FRE1;NL23;2019;Nord-Pas de Calais;Flevoland;2,736428176;50,4647819;5,507379512;52,54597449;5579251,128;18
FR10;NL31;2019;Ile-de-France;Utrecht;2,512677817;48,71111062;5,16337988;52,09436664;7200004,978;10
FRE1;NL31;2019;Nord-Pas de Calais;Utrecht;2,736428176;50,4647819;5,16337988;52,09436664;3334242,69;21
FR10;NL32;2019;Ile-de-France;Noord-Holland;2,512677817;48,71111062;4,921460495;52,61130044;30705399,89;60
FRD2;NL32;2019;Haute-Normandie;Noord-Holland;1,018677566;49,38989471;4,921460495;52,61130044;32362854;17
FRE1;NL32;2019;Nord-Pas de Calais;Noord-Holland;2,736428176;50,4647819;4,921460495;52,61130044;6733444,823;23
FRE2;NL32;2019;Picardie;Noord-Holland;2,808032847;49,64229786;4,921460495;52,61130044;4389620,272;11
FRG0;NL32;2019;Pays de la Loire;Noord-Holland;-0,812654278;47,4783624;4,921460495;52,61130044;44520998,65;15
FRK2;NL32;2019;Rhône-Alpes;Noord-Holland;5,340033618;45,43615744;4,921460495;52,61130044;27799486,39;19
FRL0;NL32;2019;Provence-Alpes-Côte d’Azur;Noord-Holland;6,057327525;43,95558928;4,921460495;52,61130044;20100961,9;11
FR10;NL33;2019;Ile-de-France;Zuid-Holland;2,512677817;48,71111062;4,491588711;51,93843326;134529934,8;117
FRB0;NL33;2019;Centre - Val de Loire;Zuid-Holland;1,684458977;47,47698016;4,491588711;51,93843326;46752635,82;31
FRC1;NL33;2019;Bourgogne;Zuid-Holland;4,149827467;47,24581111;4,491588711;51,93843326;26841222,3;21
FRD2;NL33;2019;Haute-Normandie;Zuid-Holland;1,018677566;49,38989471;4,491588711;51,93843326;51873283,52;58
FRE1;NL33;2019;Nord-Pas de Calais;Zuid-Holland;2,736428176;50,4647819;4,491588711;51,93843326;35920467,44;138
FRE2;NL33;2019;Picardie;Zuid-Holland;2,808032847;49,64229786;4,491588711;51,93843326;25602635,15;43
FRF1;NL33;2019;Alsace;Zuid-Holland;7,436200924;48,32705938;4,491588711;51,93843326;16014102,64;35
FRF2;NL33;2019;Champagne-Ardenne;Zuid-Holland;4,544480684;48,73129082;4,491588711;51,93843326;20873316,69;27
FRF3;NL33;2019;Lorraine;Zuid-Holland;6,142897531;48,76350565;4,491588711;51,93843326;22865948,32;42
FRG0;NL33;2019;Pays de la Loire;Zuid-Holland;-0,812654278;47,4783624;4,491588711;51,93843326;105788277,5;30
FRH0;NL33;2019;Bretagne;Zuid-Holland;-2,829675658;48,1775623;4,491588711;51,93843326;30012421,21;20
FRI1;NL33;2019;Aquitaine;Zuid-Holland;-0,235974762;44,35241278;4,491588711;51,93843326;98432510,44;13
FRI3;NL33;2019;Poitou-Charentes;Zuid-Holland;-0,08052526;46,16085831;4,491588711;51,93843326;30141496,94;11
FRJ1;NL33;2019;Languedoc-Roussillon;Zuid-Holland;3,225768724;43,59213462;4,491588711;51,93843326;42429949;10
FRJ2;NL33;2019;Midi-Pyrénées;Zuid-Holland;1,48615363;43,76344304;4,491588711;51,93843326;98139489,65;16
FRK2;NL33;2019;Rhône-Alpes;Zuid-Holland;5,340033618;45,43615744;4,491588711;51,93843326;174710692,9;30
FRL0;NL33;2019;Provence-Alpes-Côte d’Azur;Zuid-Holland;6,057327525;43,95558928;4,491588711;51,93843326;26863925,83;17
FR10;NL34;2019;Ile-de-France;Zeeland;2,512677817;48,71111062;3,97725294;51,54757649;26649637,74;22
FRE1;NL34;2019;Nord-Pas de Calais;Zeeland;2,736428176;50,4647819;3,97725294;51,54757649;51321380,73;70
FRE2;NL34;2019;Picardie;Zeeland;2,808032847;49,64229786;3,97725294;51,54757649;37547896,96;29
FRF2;NL34;2019;Champagne-Ardenne;Zeeland;4,544480684;48,73129082;3,97725294;51,54757649;19587860,7;16
FRF3;NL34;2019;Lorraine;Zeeland;6,142897531;48,76350565;3,97725294;51,54757649;27795258,76;11
FR10;NL41;2019;Ile-de-France;Noord-Brabant;2,512677817;48,71111062;5,192499944;51,55724231;122285826,3;135
FRB0;NL41;2019;Centre - Val de Loire;Noord-Brabant;1,684458977;47,47698016;5,192499944;51,55724231;62275903,2;48
FRC1;NL41;2019;Bourgogne;Noord-Brabant;4,149827467;47,24581111;5,192499944;51,55724231;23505612,65;21
FRD1;NL41;2019;Basse-Normandie;Noord-Brabant;-0,525358071;48,92425398;5,192499944;51,55724231;40836628,64;23
FRD2;NL41;2019;Haute-Normandie;Noord-Brabant;1,018677566;49,38989471;5,192499944;51,55724231;31740584,66;50
FRE1;NL41;2019;Nord-Pas de Calais;Noord-Brabant;2,736428176;50,4647819;5,192499944;51,55724231;72289296,6;235
FRE2;NL41;2019;Picardie;Noord-Brabant;2,808032847;49,64229786;5,192499944;51,55724231;67255952,01;108
FRF1;NL41;2019;Alsace;Noord-Brabant;7,436200924;48,32705938;5,192499944;51,55724231;15781196,03;19
FRF2;NL41;2019;Champagne-Ardenne;Noord-Brabant;4,544480684;48,73129082;5,192499944;51,55724231;94160639,36;68
FRF3;NL41;2019;Lorraine;Noord-Brabant;6,142897531;48,76350565;5,192499944;51,55724231;38202468,44;63
FRG0;NL41;2019;Pays de la Loire;Noord-Brabant;-0,812654278;47,4783624;5,192499944;51,55724231;100051013,7;63
FRH0;NL41;2019;Bretagne;Noord-Brabant;-2,829675658;48,1775623;5,192499944;51,55724231;41238836,49;36
FRI1;NL41;2019;Aquitaine;Noord-Brabant;-0,235974762;44,35241278;5,192499944;51,55724231;45029600,09;10
FRI3;NL41;2019;Poitou-Charentes;Noord-Brabant;-0,08052526;46,16085831;5,192499944;51,55724231;47304406,95;16
FRJ1;NL41;2019;Languedoc-Roussillon;Noord-Brabant;3,225768724;43,59213462;5,192499944;51,55724231;77328282,69;19
FRJ2;NL41;2019;Midi-Pyrénées;Noord-Brabant;1,48615363;43,76344304;5,192499944;51,55724231;54501402,18;13
FRK2;NL41;2019;Rhône-Alpes;Noord-Brabant;5,340033618;45,43615744;5,192499944;51,55724231;119348292,3;52
FRL0;NL41;2019;Provence-Alpes-Côte d’Azur;Noord-Brabant;6,057327525;43,95558928;5,192499944;51,55724231;66170298,9;35
FR10;NL42;2019;Ile-de-France;Limburg (NL);2,512677817;48,71111062;5,936601319;51,20585968;61198710,46;23
FRB0;NL42;2019;Centre - Val de Loire;Limburg (NL);1,684458977;47,47698016;5,936601319;51,20585968;19090587,11;19
FRC1;NL42;2019;Bourgogne;Limburg (NL);4,149827467;47,24581111;5,936601319;51,20585968;7998765,312;10
FRD2;NL42;2019;Haute-Normandie;Limburg (NL);1,018677566;49,38989471;5,936601319;51,20585968;18551094,29;18
FRE1;NL42;2019;Nord-Pas de Calais;Limburg (NL);2,736428176;50,4647819;5,936601319;51,20585968;23941762,64;73
FRE2;NL42;2019;Picardie;Limburg (NL);2,808032847;49,64229786;5,936601319;51,20585968;30574396,35;42
FRF1;NL42;2019;Alsace;Limburg (NL);7,436200924;48,32705938;5,936601319;51,20585968;6634295,73;10
FRF2;NL42;2019;Champagne-Ardenne;Limburg (NL);4,544480684;48,73129082;5,936601319;51,20585968;38380460,8;43
FRF3;NL42;2019;Lorraine;Limburg (NL);6,142897531;48,76350565;5,936601319;51,20585968;24735771,62;42
FRK2;NL42;2019;Rhône-Alpes;Limburg (NL);5,340033618;45,43615744;5,936601319;51,20585968;43490684,08;26
FR10;PL22;2019;Ile-de-France;Slaskie;2,512677817;48,71111062;18,99770191;50,32839404;55668841,61;14
FR10;PL41;2019;Ile-de-France;Wielkopolskie;2,512677817;48,71111062;17,23978261;52,33137201;48902886,5;14
FR10;PL51;2019;Ile-de-France;Dolnoslaskie;2,512677817;48,71111062;16,40868805;51,08649764;54587262,89;10
FRE1;PL51;2019;Nord-Pas de Calais;Dolnoslaskie;2,736428176;50,4647819;16,40868805;51,08649764;41550983,66;17
FR10;PT11;2019;Ile-de-France;Norte;2,512677817;48,71111062;-7,682711177;41,45490249;73209841,09;37
FRK2;PT11;2019;Rhône-Alpes;Norte;5,340033618;45,43615744;-7,682711177;41,45490249;86946174,21;27
FR10;PT16;2019;Ile-de-France;Centro (PT);2,512677817;48,71111062;-7,993345111;40,12849216;82824647,18;32
FRI1;PT16;2019;Aquitaine;Centro (PT);-0,235974762;44,35241278;-7,993345111;40,12849216;19115775,5;20
FRJ2;PT16;2019;Midi-Pyrénées;Centro (PT);1,48615363;43,76344304;-7,993345111;40,12849216;13004325,96;11
FRK2;PT16;2019;Rhône-Alpes;Centro (PT);5,340033618;45,43615744;-7,993345111;40,12849216;27881101,77;13
FR10;PT17;2019;Ile-de-France;Área Metropolitana de Lisboa;2,512677817;48,71111062;-9,045339626;38,73091148;29836932,74;14
FR10;RO11;2019;Ile-de-France;Nord-Vest;2,512677817;48,71111062;23,34847075;47,2229289;38840670,61;27
FRB0;RO11;2019;Centre - Val de Loire;Nord-Vest;1,684458977;47,47698016;23,34847075;47,2229289;13521501,58;11
FRC1;RO11;2019;Bourgogne;Nord-Vest;4,149827467;47,24581111;23,34847075;47,2229289;6387435,255;13
FR10;RO31;2019;Ile-de-France;Sud - Muntenia;2,512677817;48,71111062;25,90188842;44,60685036;97105092,52;44
FR10;RO42;2019;Ile-de-France;Vest;2,512677817;48,71111062;21,99160527;45,71759595;16375355,59;12
FR10;SI03;2019;Ile-de-France;Vzhodna Slovenija;2,512677817;48,71111062;15,26842923;46,15918942;16180193,48;11
FRE1;SI03;2019;Nord-Pas de Calais;Vzhodna Slovenija;2,736428176;50,4647819;15,26842923;46,15918942;15578045,07;12
FRC2;SK02;2019;Franche-Comté;Západné Slovensko;6,088355098;47,2102315;18,0683357;48,4110184;5350997,748;12
FRE1;SK02;2019;Nord-Pas de Calais;Západné Slovensko;2,736428176;50,4647819;18,0683357;48,4110184;13156531,74;17
FR10;UK;2019;Ile-de-France;UNITED KINGDOM;2,512677817;48,71111062;-2,585639201;53,99684908;37049604,87;17
FRE1;UK;2019;Nord-Pas de Calais;UNITED KINGDOM;2,736428176;50,4647819;-2,585639201;53,99684908;91413177,87;52
FRH0;UK;2019;Bretagne;UNITED KINGDOM;-2,829675658;48,1775623;-2,585639201;53,99684908;30404283;15
FRE1;UKD7;2019;Nord-Pas de Calais;Merseyside;2,736428176;50,4647819;-2,832005049;53,44140771;11090566,2;18
FRE1;UKE1;2019;Nord-Pas de Calais;East Yorkshire and Northern Lincolnshire;2,736428176;50,4647819;-0,499695033;53,79244303;9471007,12;35
FRE1;UKF1;2019;Nord-Pas de Calais;Derbyshire and Nottinghamshire;2,736428176;50,4647819;-1,348698388;53,13427987;26543917,83;16
FR10;UKF2;2019;Ile-de-France;Leicestershire, Rutland and Northamptonshire;2,512677817;48,71111062;-0,954987715;52,49603062;3335921,768;10
FRE1;UKF2;2019;Nord-Pas de Calais;Leicestershire, Rutland and Northamptonshire;2,736428176;50,4647819;-0,954987715;52,49603062;22849920,86;49
FRG0;UKF2;2019;Pays de la Loire;Leicestershire, Rutland and Northamptonshire;-0,812654278;47,4783624;-0,954987715;52,49603062;7784749,218;10
FR10;UKG1;2019;Ile-de-France;Herefordshire, Worcestershire and Warwickshire;2,512677817;48,71111062;-2,168344168;52,20890903;45294421,16;88
FRE1;UKG1;2019;Nord-Pas de Calais;Herefordshire, Worcestershire and Warwickshire;2,736428176;50,4647819;-2,168344168;52,20890903;9956858,392;32
FR10;UKG2;2019;Ile-de-France;Shropshire and Staffordshire;2,512677817;48,71111062;-2,41450356;52,73361873;4506428,256;10
FRE1;UKG2;2019;Nord-Pas de Calais;Shropshire and Staffordshire;2,736428176;50,4647819;-2,41450356;52,73361873;11758828,45;15
FR10;UKH1;2019;Ile-de-France;East Anglia;2,512677817;48,71111062;0,720770429;52,44665015;10756281,09;11
FRE1;UKH1;2019;Nord-Pas de Calais;East Anglia;2,736428176;50,4647819;0,720770429;52,44665015;8051144,45;20
FRE2;UKH1;2019;Picardie;East Anglia;2,808032847;49,64229786;0,720770429;52,44665015;13585321,1;21
FRE1;UKH2;2019;Nord-Pas de Calais;Bedfordshire and Hertfordshire;2,736428176;50,4647819;-0,312714035;51,92463739;5894196,736;12
FR10;UKH3;2019;Ile-de-France;Essex;2,512677817;48,71111062;0,540411429;51,80258912;9735769,052;18
FRE1;UKH3;2019;Nord-Pas de Calais;Essex;2,736428176;50,4647819;0,540411429;51,80258912;5793763,284;14
FRE1;UKJ1;2019;Nord-Pas de Calais;Berkshire, Buckinghamshire and Oxfordshire;2,736428176;50,4647819;-1,095327371;51,71897713;17534352,83;27
FRC1;UKJ3;2019;Bourgogne;Hampshire and Isle of Wight;4,149827467;47,24581111;-1,2845683;51,06659628;2287647,16;10
FR10;UKJ4;2019;Ile-de-France;Kent;2,512677817;48,71111062;0,697074011;51,22692418;30138124,7;85
FRB0;UKJ4;2019;Centre - Val de Loire;Kent;1,684458977;47,47698016;0,697074011;51,22692418;10956390,48;12
FRE1;UKJ4;2019;Nord-Pas de Calais;Kent;2,736428176;50,4647819;0,697074011;51,22692418;15347850,7;68
FRK2;UKJ4;2019;Rhône-Alpes;Kent;5,340033618;45,43615744;0,697074011;51,22692418;35577546,55;15
FRE1;UKK1;2019;Nord-Pas de Calais;Gloucestershire, Wiltshire and Bristol/Bath area;2,736428176;50,4647819;-2,106981582;51,51820266;6637962,545;18
FRE1;UKK3;2019;Nord-Pas de Calais;Cornwall and Isles of Scilly;2,736428176;50,4647819;-4,823708992;50,41668875;3998930,987;19
FRE1;UKL1;2019;Nord-Pas de Calais;West Wales and The Valleys;2,736428176;50,4647819;-4,016032917;52,3204134;5876148,171;14
FRE1;UKM5;2019;Nord-Pas de Calais;North Eastern Scotland;2,736428176;50,4647819;-2,626204466;57,23999408;4688954,949;33
FRE1;UKM9;2019;Nord-Pas de Calais;Southern Scotland;2,736428176;50,4647819;-3,698866376;55,35154631;5689195,46;22
